method,time,quantity,target_left,target_right,pairwise_rms,checkpoint_step
fm_only,0.0,state_type_logit,0,1,0.0,200
fm_only,0.0,state_fractional_coordinate,0,1,0.0,200
fm_only,0.0,state_lattice_log,0,1,0.0,200
fm_only,0.0,velocity_type_logit,0,1,0.10502786934375763,200
fm_only,0.0,velocity_fractional_coordinate,0,1,0.07356355339288712,200
fm_only,0.0,velocity_lattice_log,0,1,0.3192320764064789,200
fm_only,0.0625,state_type_logit,0,1,0.006564242299646139,200
fm_only,0.0625,state_fractional_coordinate,0,1,0.004597716964781284,200
fm_only,0.0625,state_lattice_log,0,1,0.01995200850069523,200
fm_only,0.0625,velocity_type_logit,0,1,0.10338879376649857,200
fm_only,0.0625,velocity_fractional_coordinate,0,1,0.0671246200799942,200
fm_only,0.0625,velocity_lattice_log,0,1,0.31559988856315613,200
fm_only,0.125,state_type_logit,0,1,0.01302479300647974,200
fm_only,0.125,state_fractional_coordinate,0,1,0.008792724460363388,200
fm_only,0.125,state_lattice_log,0,1,0.039676371961832047,200
fm_only,0.125,velocity_type_logit,0,1,0.1018715500831604,200
fm_only,0.125,velocity_fractional_coordinate,0,1,0.06109016016125679,200
fm_only,0.125,velocity_lattice_log,0,1,0.31213071942329407,200
fm_only,0.1875,state_type_logit,0,1,0.019388185814023018,200
fm_only,0.1875,state_fractional_coordinate,0,1,0.01261010579764843,200
fm_only,0.1875,state_lattice_log,0,1,0.059182751923799515,200
fm_only,0.1875,velocity_type_logit,0,1,0.10047029703855515,200
fm_only,0.1875,velocity_fractional_coordinate,0,1,0.05544165521860123,200
fm_only,0.1875,velocity_lattice_log,0,1,0.3088650405406952,200
fm_only,0.25,state_type_logit,0,1,0.025660820305347443,200
fm_only,0.25,state_fractional_coordinate,0,1,0.01607387885451317,200
fm_only,0.25,state_lattice_log,0,1,0.07848348468542099,200
fm_only,0.25,velocity_type_logit,0,1,0.09917822480201721,200
fm_only,0.25,velocity_fractional_coordinate,0,1,0.050182703882455826,200
fm_only,0.25,velocity_lattice_log,0,1,0.30582964420318604,200
fm_only,0.3125,state_type_logit,0,1,0.03184893727302551,200
fm_only,0.3125,state_fractional_coordinate,0,1,0.019208112731575966,200
fm_only,0.3125,state_lattice_log,0,1,0.09759275615215302,200
fm_only,0.3125,velocity_type_logit,0,1,0.09798681735992432,200
fm_only,0.3125,velocity_fractional_coordinate,0,1,0.04533115774393082,200
fm_only,0.3125,velocity_lattice_log,0,1,0.30302169919013977,200
fm_only,0.375,state_type_logit,0,1,0.0379585362970829,200
fm_only,0.375,state_fractional_coordinate,0,1,0.022038042545318604,200
fm_only,0.375,state_lattice_log,0,1,0.11652480065822601,200
fm_only,0.375,velocity_type_logit,0,1,0.09688626974821091,200
fm_only,0.375,velocity_fractional_coordinate,0,1,0.040906473994255066,200
fm_only,0.375,velocity_lattice_log,0,1,0.3004032373428345,200
fm_only,0.4375,state_type_logit,0,1,0.04399522393941879,200
fm_only,0.4375,state_fractional_coordinate,0,1,0.02458999492228031,200
fm_only,0.4375,state_lattice_log,0,1,0.1352917104959488,200
fm_only,0.4375,velocity_type_logit,0,1,0.09586648643016815,200
fm_only,0.4375,velocity_fractional_coordinate,0,1,0.03691593185067177,200
fm_only,0.4375,velocity_lattice_log,0,1,0.29791417717933655,200
fm_only,0.5,state_type_logit,0,1,0.049964096397161484,200
fm_only,0.5,state_fractional_coordinate,0,1,0.026890890672802925,200
fm_only,0.5,state_lattice_log,0,1,0.1539020985364914,200
fm_only,0.5,velocity_type_logit,0,1,0.09466259926557541,200
fm_only,0.5,velocity_fractional_coordinate,0,1,0.04918916895985603,200
fm_only,0.5,velocity_lattice_log,0,1,0.29374760389328003,200
fm_only,0.5625,state_type_logit,0,1,0.055830780416727066,200
fm_only,0.5625,state_fractional_coordinate,0,1,0.029586680233478546,200
fm_only,0.5625,state_lattice_log,0,1,0.17222920060157776,200
fm_only,0.5625,velocity_type_logit,0,1,0.09375899285078049,200
fm_only,0.5625,velocity_fractional_coordinate,0,1,0.045416176319122314,200
fm_only,0.5625,velocity_lattice_log,0,1,0.2913104295730591,200
fm_only,0.625,state_type_logit,0,1,0.06163639947772026,200
fm_only,0.625,state_fractional_coordinate,0,1,0.032113634049892426,200
fm_only,0.625,state_lattice_log,0,1,0.1904020756483078,200
fm_only,0.625,velocity_type_logit,0,1,0.09290808439254761,200
fm_only,0.625,velocity_fractional_coordinate,0,1,0.041906826198101044,200
fm_only,0.625,velocity_lattice_log,0,1,0.28900277614593506,200
fm_only,0.6875,state_type_logit,0,1,0.06738443672657013,200
fm_only,0.6875,state_fractional_coordinate,0,1,0.03447021543979645,200
fm_only,0.6875,state_lattice_log,0,1,0.20842936635017395,200
fm_only,0.6875,velocity_type_logit,0,1,0.09214478731155396,200
fm_only,0.6875,velocity_fractional_coordinate,0,1,0.027219969779253006,200
fm_only,0.6875,velocity_lattice_log,0,1,0.2856603264808655,200
fm_only,0.75,state_type_logit,0,1,0.07305937260389328,200
fm_only,0.75,state_fractional_coordinate,0,1,0.03615472465753555,200
fm_only,0.75,state_lattice_log,0,1,0.2262246012687683,200
fm_only,0.75,velocity_type_logit,0,1,0.09139178693294525,200
fm_only,0.75,velocity_fractional_coordinate,0,1,0.024472979828715324,200
fm_only,0.75,velocity_lattice_log,0,1,0.2833177149295807,200
fm_only,0.8125,state_type_logit,0,1,0.07868197560310364,200
fm_only,0.8125,state_fractional_coordinate,0,1,0.03766797482967377,200
fm_only,0.8125,state_lattice_log,0,1,0.2438717633485794,200
fm_only,0.8125,velocity_type_logit,0,1,0.09067315608263016,200
fm_only,0.8125,velocity_fractional_coordinate,0,1,0.021939828991889954,200
fm_only,0.8125,velocity_lattice_log,0,1,0.281203031539917,200
fm_only,0.875,state_type_logit,0,1,0.08425483107566833,200
fm_only,0.875,state_fractional_coordinate,0,1,0.03902338445186615,200
fm_only,0.875,state_lattice_log,0,1,0.2613852620124817,200
fm_only,0.875,velocity_type_logit,0,1,0.08998559415340424,200
fm_only,0.875,velocity_fractional_coordinate,0,1,0.019601885229349136,200
fm_only,0.875,velocity_lattice_log,0,1,0.27931666374206543,200
fm_only,0.9375,state_type_logit,0,1,0.08978022634983063,200
fm_only,0.9375,state_fractional_coordinate,0,1,0.04023303464055061,200
fm_only,0.9375,state_lattice_log,0,1,0.27877944707870483,200
fm_only,0.9375,velocity_type_logit,0,1,0.08932790905237198,200
fm_only,0.9375,velocity_fractional_coordinate,0,1,0.017446544021368027,200
fm_only,0.9375,velocity_lattice_log,0,1,0.2776181101799011,200
fm_only,1.0,state_type_logit,0,1,0.09526021033525467,200
fm_only,1.0,state_fractional_coordinate,0,1,0.04130806028842926,200
fm_only,1.0,state_lattice_log,0,1,0.2960664927959442,200
fm_only,0.0,state_type_logit,0,1,0.0,400
fm_only,0.0,state_fractional_coordinate,0,1,0.0,400
fm_only,0.0,state_lattice_log,0,1,0.0,400
fm_only,0.0,velocity_type_logit,0,1,0.07968278974294662,400
fm_only,0.0,velocity_fractional_coordinate,0,1,0.05554162710905075,400
fm_only,0.0,velocity_lattice_log,0,1,0.2543620765209198,400
fm_only,0.0625,state_type_logit,0,1,0.004980175290256739,400
fm_only,0.0625,state_fractional_coordinate,0,1,0.0034713440109044313,400
fm_only,0.0625,state_lattice_log,0,1,0.01589762419462204,400
fm_only,0.0625,velocity_type_logit,0,1,0.07688767462968826,400
fm_only,0.0625,velocity_fractional_coordinate,0,1,0.04963516816496849,400
fm_only,0.0625,velocity_lattice_log,0,1,0.25025928020477295,400
fm_only,0.125,state_type_logit,0,1,0.009783808141946793,400
fm_only,0.125,state_fractional_coordinate,0,1,0.006572619080543518,400
fm_only,0.125,state_lattice_log,0,1,0.031538717448711395,400
fm_only,0.125,velocity_type_logit,0,1,0.0743398666381836,400
fm_only,0.125,velocity_fractional_coordinate,0,1,0.04416869953274727,400
fm_only,0.125,velocity_lattice_log,0,1,0.246355339884758,400
fm_only,0.1875,state_type_logit,0,1,0.014424667693674564,400
fm_only,0.1875,state_fractional_coordinate,0,1,0.00933013018220663,400
fm_only,0.1875,state_lattice_log,0,1,0.04693559184670448,400
fm_only,0.1875,velocity_type_logit,0,1,0.07202766835689545,400
fm_only,0.1875,velocity_fractional_coordinate,0,1,0.03912942484021187,400
fm_only,0.1875,velocity_lattice_log,0,1,0.24267856776714325,400
fm_only,0.25,state_type_logit,0,1,0.018916061148047447,400
fm_only,0.25,state_fractional_coordinate,0,1,0.01176900789141655,400
fm_only,0.25,state_lattice_log,0,1,0.06210244446992874,400
fm_only,0.25,velocity_type_logit,0,1,0.06993760168552399,400
fm_only,0.25,velocity_fractional_coordinate,0,1,0.03451378270983696,400
fm_only,0.25,velocity_lattice_log,0,1,0.23925580084323883,400
fm_only,0.3125,state_type_logit,0,1,0.023270802572369576,400
fm_only,0.3125,state_fractional_coordinate,0,1,0.013913621194660664,400
fm_only,0.3125,state_lattice_log,0,1,0.07705506682395935,400
fm_only,0.3125,velocity_type_logit,0,1,0.06805317848920822,400
fm_only,0.3125,velocity_fractional_coordinate,0,1,0.030322076752781868,400
fm_only,0.3125,velocity_lattice_log,0,1,0.23610088229179382,400
fm_only,0.375,state_type_logit,0,1,0.027501067146658897,400
fm_only,0.375,state_fractional_coordinate,0,1,0.015787627547979355,400
fm_only,0.375,state_lattice_log,0,1,0.09181027859449387,400
fm_only,0.375,velocity_type_logit,0,1,0.0663551390171051,400
fm_only,0.375,velocity_fractional_coordinate,0,1,0.02655721642076969,400
fm_only,0.375,velocity_lattice_log,0,1,0.2332090437412262,400
fm_only,0.4375,state_type_logit,0,1,0.03161820024251938,400
fm_only,0.4375,state_fractional_coordinate,0,1,0.017413951456546783,400
fm_only,0.4375,state_lattice_log,0,1,0.10638460516929626,400
fm_only,0.4375,velocity_type_logit,0,1,0.06482269614934921,400
fm_only,0.4375,velocity_fractional_coordinate,0,1,0.02322438172996044,400
fm_only,0.4375,velocity_lattice_log,0,1,0.2305615097284317,400
fm_only,0.5,state_type_logit,0,1,0.035632554441690445,400
fm_only,0.5,state_fractional_coordinate,0,1,0.01881466433405876,400
fm_only,0.5,state_lattice_log,0,1,0.12079336494207382,400
fm_only,0.5,velocity_type_logit,0,1,0.06343519687652588,400
fm_only,0.5,velocity_fractional_coordinate,0,1,0.02033194713294506,400
fm_only,0.5,velocity_lattice_log,0,1,0.22812902927398682,400
fm_only,0.5625,state_type_logit,0,1,0.03955338895320892,400
fm_only,0.5625,state_fractional_coordinate,0,1,0.02001086249947548,400
fm_only,0.5625,state_lattice_log,0,1,0.13505010306835175,400
fm_only,0.5625,velocity_type_logit,0,1,0.062173519283533096,400
fm_only,0.5625,velocity_fractional_coordinate,0,1,0.017889726907014847,400
fm_only,0.5625,velocity_lattice_log,0,1,0.2258838415145874,400
fm_only,0.625,state_type_logit,0,1,0.04338889569044113,400
fm_only,0.625,state_fractional_coordinate,0,1,0.021022651344537735,400
fm_only,0.625,state_lattice_log,0,1,0.14916664361953735,400
fm_only,0.625,velocity_type_logit,0,1,0.06102108955383301,400
fm_only,0.625,velocity_fractional_coordinate,0,1,0.015904581174254417,400
fm_only,0.625,velocity_lattice_log,0,1,0.22380287945270538,400
fm_only,0.6875,state_type_logit,0,1,0.0471462719142437,400
fm_only,0.6875,state_fractional_coordinate,0,1,0.02186920866370201,400
fm_only,0.6875,state_lattice_log,0,1,0.163153275847435,400
fm_only,0.6875,velocity_type_logit,0,1,0.05996408313512802,400
fm_only,0.6875,velocity_fractional_coordinate,0,1,0.014372589997947216,400
fm_only,0.6875,velocity_lattice_log,0,1,0.22187194228172302,400
fm_only,0.75,state_type_logit,0,1,0.050831831991672516,400
fm_only,0.75,state_fractional_coordinate,0,1,0.02256873808801174,400
fm_only,0.75,state_lattice_log,0,1,0.17701923847198486,400
fm_only,0.75,velocity_type_logit,0,1,0.05875323340296745,400
fm_only,0.75,velocity_fractional_coordinate,0,1,0.014704235829412937,400
fm_only,0.75,velocity_lattice_log,0,1,0.2114107608795166,400
fm_only,0.8125,state_type_logit,0,1,0.054337434470653534,400
fm_only,0.8125,state_fractional_coordinate,0,1,0.023000240325927734,400
fm_only,0.8125,state_lattice_log,0,1,0.19020865857601166,400
fm_only,0.8125,velocity_type_logit,0,1,0.057906657457351685,400
fm_only,0.8125,velocity_fractional_coordinate,0,1,0.013926226645708084,400
fm_only,0.8125,velocity_lattice_log,0,1,0.20950771868228912,400
fm_only,0.875,state_type_logit,0,1,0.057791322469711304,400
fm_only,0.875,state_fractional_coordinate,0,1,0.023338070139288902,400
fm_only,0.875,state_lattice_log,0,1,0.2032812535762787,400
fm_only,0.875,velocity_type_logit,0,1,0.057112403213977814,400
fm_only,0.875,velocity_fractional_coordinate,0,1,0.0133565878495574,400
fm_only,0.875,velocity_lattice_log,0,1,0.2078372687101364,400
fm_only,0.9375,state_type_logit,0,1,0.061197977513074875,400
fm_only,0.9375,state_fractional_coordinate,0,1,0.02359841577708721,400
fm_only,0.9375,state_lattice_log,0,1,0.21625187993049622,400
fm_only,0.9375,velocity_type_logit,0,1,0.05636311694979668,400
fm_only,0.9375,velocity_fractional_coordinate,0,1,0.012919637374579906,400
fm_only,0.9375,velocity_lattice_log,0,1,0.2063809186220169,400
fm_only,1.0,state_type_logit,0,1,0.06456121057271957,400
fm_only,1.0,state_fractional_coordinate,0,1,0.023796137422323227,400
fm_only,1.0,state_lattice_log,0,1,0.22913435101509094,400
early_all_negative_identification,0.0,state_type_logit,0,1,0.0,200
early_all_negative_identification,0.0,state_fractional_coordinate,0,1,0.0,200
early_all_negative_identification,0.0,state_lattice_log,0,1,0.0,200
early_all_negative_identification,0.0,velocity_type_logit,0,1,0.11230196058750153,200
early_all_negative_identification,0.0,velocity_fractional_coordinate,0,1,0.10525679588317871,200
early_all_negative_identification,0.0,velocity_lattice_log,0,1,0.35147950053215027,200
early_all_negative_identification,0.0625,state_type_logit,0,1,0.007018869277089834,200
early_all_negative_identification,0.0625,state_fractional_coordinate,0,1,0.006578560918569565,200
early_all_negative_identification,0.0625,state_lattice_log,0,1,0.021967461332678795,200
early_all_negative_identification,0.0625,velocity_type_logit,0,1,0.11061076074838638,200
early_all_negative_identification,0.0625,velocity_fractional_coordinate,0,1,0.09644898772239685,200
early_all_negative_identification,0.0625,velocity_lattice_log,0,1,0.3473649322986603,200
early_all_negative_identification,0.125,state_type_logit,0,1,0.013930757530033588,200
early_all_negative_identification,0.125,state_fractional_coordinate,0,1,0.012606265023350716,200
early_all_negative_identification,0.125,state_lattice_log,0,1,0.04367721453309059,200
early_all_negative_identification,0.125,velocity_type_logit,0,1,0.10905176401138306,200
early_all_negative_identification,0.125,velocity_fractional_coordinate,0,1,0.08804453909397125,200
early_all_negative_identification,0.125,velocity_lattice_log,0,1,0.3434451222419739,200
early_all_negative_identification,0.1875,state_type_logit,0,1,0.020742835476994514,200
early_all_negative_identification,0.1875,state_fractional_coordinate,0,1,0.018108166754245758,200
early_all_negative_identification,0.1875,state_lattice_log,0,1,0.0651409700512886,200
early_all_negative_identification,0.1875,velocity_type_logit,0,1,0.10762366652488708,200
early_all_negative_identification,0.1875,velocity_fractional_coordinate,0,1,0.08004845678806305,200
early_all_negative_identification,0.1875,velocity_lattice_log,0,1,0.33977821469306946,200
early_all_negative_identification,0.25,state_type_logit,0,1,0.02746248058974743,200
early_all_negative_identification,0.25,state_fractional_coordinate,0,1,0.023109549656510353,200
early_all_negative_identification,0.25,state_lattice_log,0,1,0.08637422323226929,200
early_all_negative_identification,0.25,velocity_type_logit,0,1,0.10632257908582687,200
early_all_negative_identification,0.25,velocity_fractional_coordinate,0,1,0.07250779867172241,200
early_all_negative_identification,0.25,velocity_lattice_log,0,1,0.3364013135433197,200
early_all_negative_identification,0.3125,state_type_logit,0,1,0.034097153693437576,200
early_all_negative_identification,0.3125,state_fractional_coordinate,0,1,0.027638530358672142,200
early_all_negative_identification,0.3125,state_lattice_log,0,1,0.10739494860172272,200
early_all_negative_identification,0.3125,velocity_type_logit,0,1,0.10513979196548462,200
early_all_negative_identification,0.3125,velocity_fractional_coordinate,0,1,0.06549268215894699,200
early_all_negative_identification,0.3125,velocity_lattice_log,0,1,0.3333089053630829,200
early_all_negative_identification,0.375,state_type_logit,0,1,0.040654074400663376,200
early_all_negative_identification,0.375,state_fractional_coordinate,0,1,0.03172744810581207,200
early_all_negative_identification,0.375,state_lattice_log,0,1,0.1282210499048233,200
early_all_negative_identification,0.375,velocity_type_logit,0,1,0.10406218469142914,200
early_all_negative_identification,0.375,velocity_fractional_coordinate,0,1,0.05906803905963898,200
early_all_negative_identification,0.375,velocity_lattice_log,0,1,0.3304511308670044,200
early_all_negative_identification,0.4375,state_type_logit,0,1,0.04713985323905945,200
early_all_negative_identification,0.4375,state_fractional_coordinate,0,1,0.03541274741292,200
early_all_negative_identification,0.4375,state_lattice_log,0,1,0.14886753261089325,200
early_all_negative_identification,0.4375,velocity_type_logit,0,1,0.10406917333602905,200
early_all_negative_identification,0.4375,velocity_fractional_coordinate,0,1,0.06068029999732971,200
early_all_negative_identification,0.4375,velocity_lattice_log,0,1,0.33526524901390076,200
early_all_negative_identification,0.5,state_type_logit,0,1,0.05362211912870407,200
early_all_negative_identification,0.5,state_fractional_coordinate,0,1,0.038080647587776184,200
early_all_negative_identification,0.5,state_lattice_log,0,1,0.1698167771100998,200
early_all_negative_identification,0.5,velocity_type_logit,0,1,0.10158633440732956,200
early_all_negative_identification,0.5,velocity_fractional_coordinate,0,1,0.06189114227890968,200
early_all_negative_identification,0.5,velocity_lattice_log,0,1,0.32242467999458313,200
early_all_negative_identification,0.5625,state_type_logit,0,1,0.05992106348276138,200
early_all_negative_identification,0.5625,state_fractional_coordinate,0,1,0.041561949998140335,200
early_all_negative_identification,0.5625,state_lattice_log,0,1,0.18994297087192535,200
early_all_negative_identification,0.5625,velocity_type_logit,0,1,0.10144902020692825,200
early_all_negative_identification,0.5625,velocity_fractional_coordinate,0,1,0.05195393040776253,200
early_all_negative_identification,0.5625,velocity_lattice_log,0,1,0.32764115929603577,200
early_all_negative_identification,0.625,state_type_logit,0,1,0.06622762233018875,200
early_all_negative_identification,0.625,state_fractional_coordinate,0,1,0.04423624277114868,200
early_all_negative_identification,0.625,state_lattice_log,0,1,0.21040478348731995,200
early_all_negative_identification,0.625,velocity_type_logit,0,1,0.0998442992568016,200
early_all_negative_identification,0.625,velocity_fractional_coordinate,0,1,0.05180097371339798,200
early_all_negative_identification,0.625,velocity_lattice_log,0,1,0.3170439302921295,200
early_all_negative_identification,0.6875,state_type_logit,0,1,0.07240734994411469,200
early_all_negative_identification,0.6875,state_fractional_coordinate,0,1,0.047158099710941315,200
early_all_negative_identification,0.6875,state_lattice_log,0,1,0.2301931530237198,200
early_all_negative_identification,0.6875,velocity_type_logit,0,1,0.09958796948194504,200
early_all_negative_identification,0.6875,velocity_fractional_coordinate,0,1,0.0400843471288681,200
early_all_negative_identification,0.6875,velocity_lattice_log,0,1,0.3214793801307678,200
early_all_negative_identification,0.75,state_type_logit,0,1,0.07858056575059891,200
early_all_negative_identification,0.75,state_fractional_coordinate,0,1,0.04901283606886864,200
early_all_negative_identification,0.75,state_lattice_log,0,1,0.25026100873947144,200
early_all_negative_identification,0.75,velocity_type_logit,0,1,0.09817821532487869,200
early_all_negative_identification,0.75,velocity_fractional_coordinate,0,1,0.033226754516363144,200
early_all_negative_identification,0.75,velocity_lattice_log,0,1,0.31052497029304504,200
early_all_negative_identification,0.8125,state_type_logit,0,1,0.0846252292394638,200
early_all_negative_identification,0.8125,state_fractional_coordinate,0,1,0.05104849860072136,200
early_all_negative_identification,0.8125,state_lattice_log,0,1,0.26962170004844666,200
early_all_negative_identification,0.8125,velocity_type_logit,0,1,0.09743739664554596,200
early_all_negative_identification,0.8125,velocity_fractional_coordinate,0,1,0.029753202572464943,200
early_all_negative_identification,0.8125,velocity_lattice_log,0,1,0.30812621116638184,200
early_all_negative_identification,0.875,state_type_logit,0,1,0.09061996638774872,200
early_all_negative_identification,0.875,state_fractional_coordinate,0,1,0.052868831902742386,200
early_all_negative_identification,0.875,state_lattice_log,0,1,0.28883126378059387,200
early_all_negative_identification,0.875,velocity_type_logit,0,1,0.09674467146396637,200
early_all_negative_identification,0.875,velocity_fractional_coordinate,0,1,0.026546498760581017,200
early_all_negative_identification,0.875,velocity_lattice_log,0,1,0.3060230314731598,200
early_all_negative_identification,0.9375,state_type_logit,0,1,0.0965680181980133,200
early_all_negative_identification,0.9375,state_fractional_coordinate,0,1,0.05448933318257332,200
early_all_negative_identification,0.9375,state_lattice_log,0,1,0.3079082667827606,200
early_all_negative_identification,0.9375,velocity_type_logit,0,1,0.09609729051589966,200
early_all_negative_identification,0.9375,velocity_fractional_coordinate,0,1,0.02358490787446499,200
early_all_negative_identification,0.9375,velocity_lattice_log,0,1,0.3041735589504242,200
early_all_negative_identification,1.0,state_type_logit,0,1,0.10247224569320679,200
early_all_negative_identification,1.0,state_fractional_coordinate,0,1,0.05592396482825279,200
early_all_negative_identification,1.0,state_lattice_log,0,1,0.3268686830997467,200
early_all_negative_identification,0.0,state_type_logit,0,1,0.0,400
early_all_negative_identification,0.0,state_fractional_coordinate,0,1,0.0,400
early_all_negative_identification,0.0,state_lattice_log,0,1,0.0,400
early_all_negative_identification,0.0,velocity_type_logit,0,1,0.09347260743379593,400
early_all_negative_identification,0.0,velocity_fractional_coordinate,0,1,0.05472102016210556,400
early_all_negative_identification,0.0,velocity_lattice_log,0,1,0.26632118225097656,400
early_all_negative_identification,0.0625,state_type_logit,0,1,0.005842038430273533,400
early_all_negative_identification,0.0625,state_fractional_coordinate,0,1,0.003420064691454172,400
early_all_negative_identification,0.0625,state_lattice_log,0,1,0.016645079478621483,400
early_all_negative_identification,0.0625,velocity_type_logit,0,1,0.09036752581596375,400
early_all_negative_identification,0.0625,velocity_fractional_coordinate,0,1,0.047838032245635986,400
early_all_negative_identification,0.0625,velocity_lattice_log,0,1,0.2620430588722229,400
early_all_negative_identification,0.125,state_type_logit,0,1,0.011488230898976326,400
early_all_negative_identification,0.125,state_fractional_coordinate,0,1,0.006408129818737507,400
early_all_negative_identification,0.125,state_lattice_log,0,1,0.03302254527807236,400
early_all_negative_identification,0.125,velocity_type_logit,0,1,0.08752062916755676,400
early_all_negative_identification,0.125,velocity_fractional_coordinate,0,1,0.04151814058423042,400
early_all_negative_identification,0.125,velocity_lattice_log,0,1,0.2579692304134369,400
early_all_negative_identification,0.1875,state_type_logit,0,1,0.01695309765636921,400
early_all_negative_identification,0.1875,state_fractional_coordinate,0,1,0.00899739470332861,400
early_all_negative_identification,0.1875,state_lattice_log,0,1,0.04914495348930359,400
early_all_negative_identification,0.1875,velocity_type_logit,0,1,0.0849224328994751,400
early_all_negative_identification,0.1875,velocity_fractional_coordinate,0,1,0.03574172779917717,400
early_all_negative_identification,0.1875,velocity_lattice_log,0,1,0.254129022359848,400
early_all_negative_identification,0.25,state_type_logit,0,1,0.022250795736908913,400
early_all_negative_identification,0.25,state_fractional_coordinate,0,1,0.011219440959393978,400
early_all_negative_identification,0.25,state_lattice_log,0,1,0.06502678990364075,400
early_all_negative_identification,0.25,velocity_type_logit,0,1,0.08256097137928009,400
early_all_negative_identification,0.25,velocity_fractional_coordinate,0,1,0.030498480424284935,400
early_all_negative_identification,0.25,velocity_lattice_log,0,1,0.25054678320884705,400
early_all_negative_identification,0.3125,state_type_logit,0,1,0.027395056560635567,400
early_all_negative_identification,0.3125,state_fractional_coordinate,0,1,0.013104432262480259,400
early_all_negative_identification,0.3125,state_lattice_log,0,1,0.08068404346704483,400
early_all_negative_identification,0.3125,velocity_type_logit,0,1,0.08041970431804657,400
early_all_negative_identification,0.3125,velocity_fractional_coordinate,0,1,0.025790246203541756,400
early_all_negative_identification,0.3125,velocity_lattice_log,0,1,0.24723508954048157,400
early_all_negative_identification,0.375,state_type_logit,0,1,0.03239892050623894,400
early_all_negative_identification,0.375,state_fractional_coordinate,0,1,0.014681263826787472,400
early_all_negative_identification,0.375,state_lattice_log,0,1,0.09613370895385742,400
early_all_negative_identification,0.375,velocity_type_logit,0,1,0.0784778743982315,400
early_all_negative_identification,0.375,velocity_fractional_coordinate,0,1,0.021638985723257065,400
early_all_negative_identification,0.375,velocity_lattice_log,0,1,0.24418705701828003,400
early_all_negative_identification,0.4375,state_type_logit,0,1,0.03727444261312485,400
early_all_negative_identification,0.4375,state_fractional_coordinate,0,1,0.015977634117007256,400
early_all_negative_identification,0.4375,state_lattice_log,0,1,0.1113923192024231,400
early_all_negative_identification,0.4375,velocity_type_logit,0,1,0.07671243697404861,400
early_all_negative_identification,0.4375,velocity_fractional_coordinate,0,1,0.018095916137099266,400
early_all_negative_identification,0.4375,velocity_lattice_log,0,1,0.24138058722019196,400
early_all_negative_identification,0.5,state_type_logit,0,1,0.04203249514102936,400
early_all_negative_identification,0.5,state_fractional_coordinate,0,1,0.01702050492167473,400
early_all_negative_identification,0.5,state_lattice_log,0,1,0.12647509574890137,400
early_all_negative_identification,0.5,velocity_type_logit,0,1,0.07510064542293549,400
early_all_negative_identification,0.5,velocity_fractional_coordinate,0,1,0.015245488844811916,400
early_all_negative_identification,0.5,velocity_lattice_log,0,1,0.23878587782382965,400
early_all_negative_identification,0.5625,state_type_logit,0,1,0.04668270796537399,400
early_all_negative_identification,0.5625,state_fractional_coordinate,0,1,0.01783636584877968,400
early_all_negative_identification,0.5625,state_lattice_log,0,1,0.14139552414417267,400
early_all_negative_identification,0.5625,velocity_type_logit,0,1,0.07362249493598938,400
early_all_negative_identification,0.5625,velocity_fractional_coordinate,0,1,0.01319027692079544,400
early_all_negative_identification,0.5625,velocity_lattice_log,0,1,0.23637442290782928,400
early_all_negative_identification,0.625,state_type_logit,0,1,0.051233548671007156,400
early_all_negative_identification,0.625,state_fractional_coordinate,0,1,0.01845143735408783,400
early_all_negative_identification,0.625,state_lattice_log,0,1,0.15616516768932343,400
early_all_negative_identification,0.625,velocity_type_logit,0,1,0.07226192951202393,400
early_all_negative_identification,0.625,velocity_fractional_coordinate,0,1,0.011995618231594563,400
early_all_negative_identification,0.625,velocity_lattice_log,0,1,0.2341243475675583,400
early_all_negative_identification,0.6875,state_type_logit,0,1,0.05569255352020264,400
early_all_negative_identification,0.6875,state_fractional_coordinate,0,1,0.01889178901910782,400
early_all_negative_identification,0.6875,state_lattice_log,0,1,0.1707942932844162,400
early_all_negative_identification,0.6875,velocity_type_logit,0,1,0.07100681215524673,400
early_all_negative_identification,0.6875,velocity_fractional_coordinate,0,1,0.011606118641793728,400
early_all_negative_identification,0.6875,velocity_lattice_log,0,1,0.23202455043792725,400
early_all_negative_identification,0.75,state_type_logit,0,1,0.06006653979420662,400
early_all_negative_identification,0.75,state_fractional_coordinate,0,1,0.01918323151767254,400
early_all_negative_identification,0.75,state_lattice_log,0,1,0.18529245257377625,400
early_all_negative_identification,0.75,velocity_type_logit,0,1,0.06913148611783981,400
early_all_negative_identification,0.75,velocity_fractional_coordinate,0,1,0.01050723809748888,400
early_all_negative_identification,0.75,velocity_lattice_log,0,1,0.22078415751457214,400
early_all_negative_identification,0.8125,state_type_logit,0,1,0.06422509253025055,400
early_all_negative_identification,0.8125,state_fractional_coordinate,0,1,0.01910874992609024,400
early_all_negative_identification,0.8125,state_lattice_log,0,1,0.19904778897762299,400
early_all_negative_identification,0.8125,velocity_type_logit,0,1,0.06813833862543106,400
early_all_negative_identification,0.8125,velocity_fractional_coordinate,0,1,0.011250876821577549,400
early_all_negative_identification,0.8125,velocity_lattice_log,0,1,0.21877597272396088,400
early_all_negative_identification,0.875,state_type_logit,0,1,0.06832113862037659,400
early_all_negative_identification,0.875,state_fractional_coordinate,0,1,0.018951481208205223,400
early_all_negative_identification,0.875,state_lattice_log,0,1,0.21268011629581451,400
early_all_negative_identification,0.875,velocity_type_logit,0,1,0.06721629947423935,400
early_all_negative_identification,0.875,velocity_fractional_coordinate,0,1,0.011947437189519405,400
early_all_negative_identification,0.875,velocity_lattice_log,0,1,0.21703003346920013,400
early_all_negative_identification,0.9375,state_type_logit,0,1,0.07236053049564362,400
early_all_negative_identification,0.9375,state_fractional_coordinate,0,1,0.018738562241196632,400
early_all_negative_identification,0.9375,state_lattice_log,0,1,0.22620658576488495,400
early_all_negative_identification,0.9375,velocity_type_logit,0,1,0.06635637581348419,400
early_all_negative_identification,0.9375,velocity_fractional_coordinate,0,1,0.012488683685660362,400
early_all_negative_identification,0.9375,velocity_lattice_log,0,1,0.21553762257099152,400
early_all_negative_identification,1.0,state_type_logit,0,1,0.07634849101305008,400
early_all_negative_identification,1.0,state_fractional_coordinate,0,1,0.018494009971618652,400
early_all_negative_identification,1.0,state_lattice_log,0,1,0.23964379727840424,400
